implementation,arity,attempts,duplicate_percent,comparison_profile,distinct_tuples,insert_ms,lookup_ms,scan_ms,hits,checksum
dynamic_btree,1,500000,0,early_discriminator,500000,146.032,151.172,4.17282,500000,124999750000
dynamic_std_set,1,500000,0,early_discriminator,500000,134.585,128.352,25.109,500000,124999750000
sorted_vector,1,500000,0,early_discriminator,500000,46.4043,108.87,1.50151,500000,124999750000
flat_vector,1,500000,0,early_discriminator,500000,41.1874,43.7742,0.051073,500000,124999750000
static_btree,1,500000,0,early_discriminator,500000,46.6701,41.7922,0.307492,500000,124999750000
static_std_set,1,500000,0,early_discriminator,500000,66.7626,88.4287,12.7864,500000,124999750000
dynamic_btree,2,500000,0,early_discriminator,500000,148.815,150.966,4.26158,500000,367647352926
dynamic_std_set,2,500000,0,early_discriminator,500000,134.115,129.818,25.5306,500000,367647352926
sorted_vector,2,500000,0,early_discriminator,500000,46.2547,109.495,2.10537,500000,367647352926
flat_vector,2,500000,0,early_discriminator,500000,43.1737,49.0056,0.104031,500000,367647352926
static_btree,2,500000,0,early_discriminator,500000,54.7166,47.7154,0.602614,500000,367647352926
static_std_set,2,500000,0,early_discriminator,500000,88.5034,83.267,12.3272,500000,367647352926
dynamic_btree,3,500000,0,early_discriminator,500000,147.877,150.856,4.43419,500000,610296455810
dynamic_std_set,3,500000,0,early_discriminator,500000,132.52,131.167,25.3061,500000,610296455810
sorted_vector,3,500000,0,early_discriminator,500000,46.2209,109.442,1.87436,500000,610296455810
flat_vector,3,500000,0,early_discriminator,500000,44.2967,51.9393,0.148268,500000,610296455810
static_btree,3,500000,0,early_discriminator,500000,65.4053,58.4526,0.998778,500000,610296455810
static_std_set,3,500000,0,early_discriminator,500000,97.4121,94.9593,17.6039,500000,610296455810
dynamic_btree,4,500000,0,early_discriminator,500000,150.755,150.639,4.95492,500000,852947058652
dynamic_std_set,4,500000,0,early_discriminator,500000,133.085,130.32,25.3182,500000,852947058652
sorted_vector,4,500000,0,early_discriminator,500000,46.4804,109.755,2.00405,500000,852947058652
flat_vector,4,500000,0,early_discriminator,500000,45.0357,55.0144,0.206441,500000,852947058652
static_btree,4,500000,0,early_discriminator,500000,65.8163,58.4856,1.86918,500000,852947058652
static_std_set,4,500000,0,early_discriminator,500000,96.1824,93.9641,18.1425,500000,852947058652
dynamic_btree,5,500000,0,early_discriminator,500000,149.306,151.183,5.03394,500000,1095598161449
dynamic_std_set,5,500000,0,early_discriminator,500000,132.609,129.728,25.4063,500000,1095598161449
sorted_vector,5,500000,0,early_discriminator,500000,45.9745,109.636,2.05882,500000,1095598161449
flat_vector,5,500000,0,early_discriminator,500000,46.0435,57.3656,0.241337,500000,1095598161449
static_btree,5,500000,0,early_discriminator,500000,77.3305,73.1838,2.10852,500000,1095598161449
static_std_set,5,500000,0,early_discriminator,500000,96.1127,93.417,16.6232,500000,1095598161449
dynamic_btree,6,500000,0,early_discriminator,500000,149.328,151.091,5.18738,500000,1338249764201
dynamic_std_set,6,500000,0,early_discriminator,500000,131.222,127.664,25.5445,500000,1338249764201
sorted_vector,6,500000,0,early_discriminator,500000,45.7543,109.406,2.08694,500000,1338249764201
flat_vector,6,500000,0,early_discriminator,500000,47.2477,59.708,0.282155,500000,1338249764201
static_btree,6,500000,0,early_discriminator,500000,82.3838,81.2378,2.72654,500000,1338249764201
static_std_set,6,500000,0,early_discriminator,500000,96.1246,92.4129,16.2363,500000,1338249764201
dynamic_btree,7,500000,0,early_discriminator,500000,157.771,164.403,6.64055,500000,1580901866908
dynamic_std_set,7,500000,0,early_discriminator,500000,140.424,142.153,28.961,500000,1580901866908
sorted_vector,7,500000,0,early_discriminator,500000,50.5192,116.767,2.89448,500000,1580901866908
flat_vector,7,500000,0,early_discriminator,500000,48.5548,62.2007,0.327409,500000,1580901866908
static_btree,7,500000,0,early_discriminator,500000,93.3773,94.6696,4.02651,500000,1580901866908
static_std_set,7,500000,0,early_discriminator,500000,104.58,104.842,21.5864,500000,1580901866908
dynamic_btree,8,500000,0,early_discriminator,500000,158.721,165.496,6.39073,500000,1823555469573
dynamic_std_set,8,500000,0,early_discriminator,500000,141.142,141.651,29.8918,500000,1823555469573
sorted_vector,8,500000,0,early_discriminator,500000,50.6715,116.82,2.65864,500000,1823555469573
flat_vector,8,500000,0,early_discriminator,500000,49.963,64.349,0.390286,500000,1823555469573
static_btree,8,500000,0,early_discriminator,500000,93.0882,90.9303,5.11021,500000,1823555469573
static_std_set,8,500000,0,early_discriminator,500000,106.98,105.999,21.4964,500000,1823555469573
dynamic_btree,9,500000,0,early_discriminator,500000,158.896,165.145,6.62603,500000,2066210572196
dynamic_std_set,9,500000,0,early_discriminator,500000,140.458,143.869,29.1186,500000,2066210572196
sorted_vector,9,500000,0,early_discriminator,500000,50.5156,117.9,3.02513,500000,2066210572196
flat_vector,9,500000,0,early_discriminator,500000,51.6844,66.4703,0.433383,500000,2066210572196
static_btree,9,500000,0,early_discriminator,500000,103.595,105.834,5.87586,500000,2066210572196
static_std_set,9,500000,0,early_discriminator,500000,106.255,106.449,21.7165,500000,2066210572196
dynamic_btree,10,500000,0,early_discriminator,500000,160.514,170.407,7.06187,500000,2308866174774
dynamic_std_set,10,500000,0,early_discriminator,500000,142.588,146.442,29.4654,500000,2308866174774
sorted_vector,10,500000,0,early_discriminator,500000,51.3665,118.181,2.896,500000,2308866174774
flat_vector,10,500000,0,early_discriminator,500000,52.1818,68.1505,0.520589,500000,2308866174774
static_btree,10,500000,0,early_discriminator,500000,111.227,111.537,6.82315,500000,2308866174774
static_std_set,10,500000,0,early_discriminator,500000,107.573,105.048,21.4625,500000,2308866174774
dynamic_btree,11,500000,0,early_discriminator,500000,171.678,178.752,7.50345,500000,2551522277307
dynamic_std_set,11,500000,0,early_discriminator,500000,150.68,152.606,32.0709,500000,2551522277307
sorted_vector,11,500000,0,early_discriminator,500000,55.5802,124.356,3.76372,500000,2551522277307
flat_vector,11,500000,0,early_discriminator,500000,54.038,70.8139,0.632672,500000,2551522277307
static_btree,11,500000,0,early_discriminator,500000,115.745,115.58,7.25101,500000,2551522277307
static_std_set,11,500000,0,early_discriminator,500000,113.352,116.26,28.7826,500000,2551522277307
dynamic_btree,12,500000,0,early_discriminator,500000,172.852,177.813,7.87708,500000,2794179879798
dynamic_std_set,12,500000,0,early_discriminator,500000,148.744,153.59,33.1311,500000,2794179879798
sorted_vector,12,500000,0,early_discriminator,500000,55.6509,124.855,3.82091,500000,2794179879798
flat_vector,12,500000,0,early_discriminator,500000,55.7563,72.8289,0.686153,500000,2794179879798
static_btree,12,500000,0,early_discriminator,500000,124.92,123.564,8.79422,500000,2794179879798
static_std_set,12,500000,0,early_discriminator,500000,113.957,113.841,25.8414,500000,2794179879798
dynamic_btree,13,500000,0,early_discriminator,500000,172.39,178.822,8.29096,500000,3036837982244
dynamic_std_set,13,500000,0,early_discriminator,500000,149.676,154.867,32.027,500000,3036837982244
sorted_vector,13,500000,0,early_discriminator,500000,54.7245,124.922,3.87775,500000,3036837982244
flat_vector,13,500000,0,early_discriminator,500000,56.4033,76.1672,0.761529,500000,3036837982244
static_btree,13,500000,0,early_discriminator,500000,127.712,129.104,9.89913,500000,3036837982244
static_std_set,13,500000,0,early_discriminator,500000,113.734,112.386,25.9332,500000,3036837982244
dynamic_btree,14,500000,0,early_discriminator,500000,171.768,180.744,8.77101,500000,3279496584645
dynamic_std_set,14,500000,0,early_discriminator,500000,150.47,158.864,32.496,500000,3279496584645
sorted_vector,14,500000,0,early_discriminator,500000,56.4672,126.501,4.10061,500000,3279496584645
flat_vector,14,500000,0,early_discriminator,500000,57.7613,78.7647,0.989146,500000,3279496584645
static_btree,14,500000,0,early_discriminator,500000,130.075,129.567,10.2204,500000,3279496584645
static_std_set,14,500000,0,early_discriminator,500000,112.804,118.142,26.448,500000,3279496584645
dynamic_btree,15,500000,0,early_discriminator,500000,182.205,184.933,9.30722,500000,3522156687004
dynamic_std_set,15,500000,0,early_discriminator,500000,155.938,164.095,34.3203,500000,3522156687004
sorted_vector,15,500000,0,early_discriminator,500000,58.8425,128.842,4.83558,500000,3522156687004
flat_vector,15,500000,0,early_discriminator,500000,60.9315,81.8808,1.05328,500000,3522156687004
static_btree,15,500000,0,early_discriminator,500000,148.715,144.163,12.2677,500000,3522156687004
static_std_set,15,500000,0,early_discriminator,500000,120.049,126.951,32.0941,500000,3522156687004
dynamic_btree,16,500000,0,early_discriminator,500000,180.012,185.033,8.90468,500000,3764818289321
dynamic_std_set,16,500000,0,early_discriminator,500000,158.001,170.34,32.9306,500000,3764818289321
sorted_vector,16,500000,0,early_discriminator,500000,59.2452,132.224,4.78414,500000,3764818289321
flat_vector,16,500000,0,early_discriminator,500000,61.4912,83.5983,1.15194,500000,3764818289321
static_btree,16,500000,0,early_discriminator,500000,143.263,138.552,13.4809,500000,3764818289321
static_std_set,16,500000,0,early_discriminator,500000,121.137,125.572,29.7359,500000,3764818289321
dynamic_btree,17,500000,0,early_discriminator,500000,181.595,187.706,9.5504,500000,4007480391593
dynamic_std_set,17,500000,0,early_discriminator,500000,156.704,165.351,33.0015,500000,4007480391593
sorted_vector,17,500000,0,early_discriminator,500000,59.3146,132.019,4.8398,500000,4007480391593
flat_vector,17,500000,0,early_discriminator,500000,69.0923,89.5569,1.45199,500000,4007480391593
static_btree,17,500000,0,early_discriminator,500000,155.588,151.464,13.0718,500000,4007480391593
static_std_set,17,500000,0,early_discriminator,500000,119.661,128.569,28.1324,500000,4007480391593
dynamic_btree,18,500000,0,early_discriminator,500000,181.458,188.158,9.91935,500000,4250142993820
dynamic_std_set,18,500000,0,early_discriminator,500000,155.579,166.217,33.3908,500000,4250142993820
sorted_vector,18,500000,0,early_discriminator,500000,59.9091,133.714,5.08138,500000,4250142993820
flat_vector,18,500000,0,early_discriminator,500000,71.0131,92.7087,1.47627,500000,4250142993820
static_btree,18,500000,0,early_discriminator,500000,160.581,153.526,14.1562,500000,4250142993820
static_std_set,18,500000,0,early_discriminator,500000,122.755,135.418,28.6089,500000,4250142993820
dynamic_btree,19,500000,0,early_discriminator,500000,189.733,195.662,10.5661,500000,4492806096002
dynamic_std_set,19,500000,0,early_discriminator,500000,162.087,172.599,34.4283,500000,4492806096002
sorted_vector,19,500000,0,early_discriminator,500000,61.7864,135.524,6.13672,500000,4492806096002
flat_vector,19,500000,0,early_discriminator,500000,71.4383,94.2637,1.56538,500000,4492806096002
static_btree,19,500000,0,early_discriminator,500000,160.751,153.77,14.2456,500000,4492806096002
static_std_set,19,500000,0,early_discriminator,500000,128.539,136.103,30.9815,500000,4492806096002
dynamic_btree,20,500000,0,early_discriminator,500000,189.67,196.473,10.3048,500000,4735470698142
dynamic_std_set,20,500000,0,early_discriminator,500000,161.207,173.93,34.6534,500000,4735470698142
sorted_vector,20,500000,0,early_discriminator,500000,62.0069,137.567,5.58325,500000,4735470698142
flat_vector,20,500000,0,early_discriminator,500000,73.5772,96.4416,1.65862,500000,4735470698142
static_btree,20,500000,0,early_discriminator,500000,165.159,158.711,14.7264,500000,4735470698142
static_std_set,20,500000,0,early_discriminator,500000,127.36,150.451,32.9099,500000,4735470698142
dynamic_btree,21,500000,0,early_discriminator,500000,190.081,196.79,10.8894,500000,4978136800240
dynamic_std_set,21,500000,0,early_discriminator,500000,162.159,173.248,35.0782,500000,4978136800240
sorted_vector,21,500000,0,early_discriminator,500000,62.2087,138.03,5.67464,500000,4978136800240
flat_vector,21,500000,0,early_discriminator,500000,75.1148,100.072,1.85979,500000,4978136800240
static_btree,21,500000,0,early_discriminator,500000,164.078,158.903,14.5256,500000,4978136800240
static_std_set,21,500000,0,early_discriminator,500000,126.411,137.137,31.4894,500000,4978136800240
dynamic_btree,22,500000,0,early_discriminator,500000,189.873,195.609,11.1603,500000,5220803402293
dynamic_std_set,22,500000,0,early_discriminator,500000,164.589,175.88,34.4863,500000,5220803402293
sorted_vector,22,500000,0,early_discriminator,500000,62.7461,140.304,5.97615,500000,5220803402293
flat_vector,22,500000,0,early_discriminator,500000,76.7525,102.463,1.94785,500000,5220803402293
static_btree,22,500000,0,early_discriminator,500000,168.474,161.077,15.4808,500000,5220803402293
static_std_set,22,500000,0,early_discriminator,500000,131.634,149.856,31.1741,500000,5220803402293
dynamic_btree,32,500000,0,early_discriminator,500000,215.548,220.178,14.1216,500000,7647516920408
dynamic_std_set,32,500000,0,early_discriminator,500000,174.841,200.857,38.6841,500000,7647516920408
sorted_vector,32,500000,0,early_discriminator,500000,67.4365,152.074,8.05988,500000,7647516920408
flat_vector,32,500000,0,early_discriminator,500000,94.4224,135.55,2.88299,500000,7647516920408
dynamic_btree,1,500000,0,late_discriminator,500000,144.394,150.464,4.18739,500000,124999750000
dynamic_std_set,1,500000,0,late_discriminator,500000,132.234,131.063,26.1572,500000,124999750000
sorted_vector,1,500000,0,late_discriminator,500000,46.4768,109.692,1.60026,500000,124999750000
flat_vector,1,500000,0,late_discriminator,500000,41.1243,43.9026,0.050048,500000,124999750000
static_btree,1,500000,0,late_discriminator,500000,46.698,41.7944,0.310653,500000,124999750000
static_std_set,1,500000,0,late_discriminator,500000,66.3017,89.7539,13.0405,500000,124999750000
dynamic_btree,2,500000,0,late_discriminator,500000,149.521,151.586,4.39781,500000,124999750000
dynamic_std_set,2,500000,0,late_discriminator,500000,132.524,137.958,25.9353,500000,124999750000
sorted_vector,2,500000,0,late_discriminator,500000,51.9469,116.655,1.72843,500000,124999750000
flat_vector,2,500000,0,late_discriminator,500000,47.5134,51.0878,0.099318,500000,124999750000
static_btree,2,500000,0,late_discriminator,500000,56.0636,51.1406,0.590098,500000,124999750000
static_std_set,2,500000,0,late_discriminator,500000,87.2119,91.3905,13.4816,500000,124999750000
dynamic_btree,3,500000,0,late_discriminator,500000,153.458,154.266,4.3904,500000,124999750000
dynamic_std_set,3,500000,0,late_discriminator,500000,135.214,138.513,25.8109,500000,124999750000
sorted_vector,3,500000,0,late_discriminator,500000,58.8814,127.013,2.00063,500000,124999750000
flat_vector,3,500000,0,late_discriminator,500000,55.1218,57.9653,0.154226,500000,124999750000
static_btree,3,500000,0,late_discriminator,500000,69.3952,62.317,0.965867,500000,124999750000
static_std_set,3,500000,0,late_discriminator,500000,98.5682,106.326,17.8612,500000,124999750000
dynamic_btree,4,500000,0,late_discriminator,500000,157.955,156.678,4.62491,500000,124999750000
dynamic_std_set,4,500000,0,late_discriminator,500000,138.944,144.94,25.8797,500000,124999750000
sorted_vector,4,500000,0,late_discriminator,500000,64.2922,132.61,1.78609,500000,124999750000
flat_vector,4,500000,0,late_discriminator,500000,59.7397,61.2089,0.197675,500000,124999750000
static_btree,4,500000,0,late_discriminator,500000,73.9359,67.713,1.9347,500000,124999750000
static_std_set,4,500000,0,late_discriminator,500000,104.573,111.333,16.9584,500000,124999750000
dynamic_btree,5,500000,0,late_discriminator,500000,166.084,162.047,4.83719,500000,124999750000
dynamic_std_set,5,500000,0,late_discriminator,500000,142.81,150.391,25.4535,500000,124999750000
sorted_vector,5,500000,0,late_discriminator,500000,69.1627,139.24,1.82918,500000,124999750000
flat_vector,5,500000,0,late_discriminator,500000,66.9929,68.315,0.237165,500000,124999750000
static_btree,5,500000,0,late_discriminator,500000,87.1254,80.9029,1.91808,500000,124999750000
static_std_set,5,500000,0,late_discriminator,500000,106.746,114.938,17.4347,500000,124999750000
dynamic_btree,6,500000,0,late_discriminator,500000,165.686,166.361,5.15427,500000,124999750000
dynamic_std_set,6,500000,0,late_discriminator,500000,144.426,151.552,25.1631,500000,124999750000
sorted_vector,6,500000,0,late_discriminator,500000,73.11,145.437,1.78059,500000,124999750000
flat_vector,6,500000,0,late_discriminator,500000,70.1251,74.0069,0.296954,500000,124999750000
static_btree,6,500000,0,late_discriminator,500000,94.933,92.7561,2.37905,500000,124999750000
static_std_set,6,500000,0,late_discriminator,500000,110.39,116.557,16.2726,500000,124999750000
dynamic_btree,7,500000,0,late_discriminator,500000,183.557,183.876,6.75843,500000,124999750000
dynamic_std_set,7,500000,0,late_discriminator,500000,156.17,168.338,29.8356,500000,124999750000
sorted_vector,7,500000,0,late_discriminator,500000,84.2448,166.969,2.90199,500000,124999750000
flat_vector,7,500000,0,late_discriminator,500000,72.5852,74.4945,0.336045,500000,124999750000
static_btree,7,500000,0,late_discriminator,500000,108.695,106.801,3.84211,500000,124999750000
static_std_set,7,500000,0,late_discriminator,500000,120.684,131.921,20.7386,500000,124999750000
dynamic_btree,8,500000,0,late_discriminator,500000,189.638,192.773,6.30357,500000,124999750000
dynamic_std_set,8,500000,0,late_discriminator,500000,158.696,169.981,30.3777,500000,124999750000
sorted_vector,8,500000,0,late_discriminator,500000,86.8142,173.982,2.65622,500000,124999750000
flat_vector,8,500000,0,late_discriminator,500000,77.4186,79.0597,0.421356,500000,124999750000
static_btree,8,500000,0,late_discriminator,500000,112.149,113.373,4.87692,500000,124999750000
static_std_set,8,500000,0,late_discriminator,500000,122.139,136.672,21.5582,500000,124999750000
dynamic_btree,9,500000,0,late_discriminator,500000,194.701,199.35,6.71911,500000,124999750000
dynamic_std_set,9,500000,0,late_discriminator,500000,163.621,175.632,29.312,500000,124999750000
sorted_vector,9,500000,0,late_discriminator,500000,93.1651,179.518,2.67046,500000,124999750000
flat_vector,9,500000,0,late_discriminator,500000,81.8773,86.6685,0.458964,500000,124999750000
static_btree,9,500000,0,late_discriminator,500000,125.089,130.425,5.7895,500000,124999750000
static_std_set,9,500000,0,late_discriminator,500000,126.964,142.292,21.1616,500000,124999750000
dynamic_btree,10,500000,0,late_discriminator,500000,197.91,204.9,7.01176,500000,124999750000
dynamic_std_set,10,500000,0,late_discriminator,500000,164.799,177.424,28.6817,500000,124999750000
sorted_vector,10,500000,0,late_discriminator,500000,96.0835,184.026,2.77235,500000,124999750000
flat_vector,10,500000,0,late_discriminator,500000,87.2525,86.7106,0.530343,500000,124999750000
static_btree,10,500000,0,late_discriminator,500000,134.09,137.535,6.70758,500000,124999750000
static_std_set,10,500000,0,late_discriminator,500000,128.492,144.659,21.2326,500000,124999750000
dynamic_btree,11,500000,0,late_discriminator,500000,225.136,222.96,7.67688,500000,124999750000
dynamic_std_set,11,500000,0,late_discriminator,500000,177.274,192.31,31.5522,500000,124999750000
sorted_vector,11,500000,0,late_discriminator,500000,108.831,203.141,3.55781,500000,124999750000
flat_vector,11,500000,0,late_discriminator,500000,91.2578,97.0717,0.576118,500000,124999750000
static_btree,11,500000,0,late_discriminator,500000,140.39,142.994,7.41152,500000,124999750000
static_std_set,11,500000,0,late_discriminator,500000,138.273,157.58,25.698,500000,124999750000
dynamic_btree,12,500000,0,late_discriminator,500000,222.729,228.308,7.84286,500000,124999750000
dynamic_std_set,12,500000,0,late_discriminator,500000,180.135,191.384,32.1012,500000,124999750000
sorted_vector,12,500000,0,late_discriminator,500000,111.409,212.295,3.59454,500000,124999750000
flat_vector,12,500000,0,late_discriminator,500000,98.3349,96.3425,0.697247,500000,124999750000
static_btree,12,500000,0,late_discriminator,500000,153.782,157.848,9.06596,500000,124999750000
static_std_set,12,500000,0,late_discriminator,500000,144.543,159.013,26.3647,500000,124999750000
dynamic_btree,13,500000,0,late_discriminator,500000,234.702,235.424,8.25191,500000,124999750000
dynamic_std_set,13,500000,0,late_discriminator,500000,185.427,196.542,31.5721,500000,124999750000
sorted_vector,13,500000,0,late_discriminator,500000,119.653,220.346,3.72296,500000,124999750000
flat_vector,13,500000,0,late_discriminator,500000,105.822,102.229,0.911065,500000,124999750000
static_btree,13,500000,0,late_discriminator,500000,160.734,161.865,9.77115,500000,124999750000
static_std_set,13,500000,0,late_discriminator,500000,145.879,164.573,26.2224,500000,124999750000
dynamic_btree,14,500000,0,late_discriminator,500000,234.633,244.14,8.94132,500000,124999750000
dynamic_std_set,14,500000,0,late_discriminator,500000,189.966,205.271,32.2361,500000,124999750000
sorted_vector,14,500000,0,late_discriminator,500000,124.157,225.368,3.77983,500000,124999750000
flat_vector,14,500000,0,late_discriminator,500000,111.248,107.475,0.87935,500000,124999750000
static_btree,14,500000,0,late_discriminator,500000,167.464,167.381,9.91166,500000,124999750000
static_std_set,14,500000,0,late_discriminator,500000,147.418,170.398,26.2745,500000,124999750000
dynamic_btree,15,500000,0,late_discriminator,500000,250.911,255.516,9.11858,500000,124999750000
dynamic_std_set,15,500000,0,late_discriminator,500000,204.214,218.386,33.4073,500000,124999750000
sorted_vector,15,500000,0,late_discriminator,500000,139.225,243.527,4.91316,500000,124999750000
flat_vector,15,500000,0,late_discriminator,500000,117.266,112.45,1.15098,500000,124999750000
static_btree,15,500000,0,late_discriminator,500000,189.409,188.069,12.4336,500000,124999750000
static_std_set,15,500000,0,late_discriminator,500000,158.682,177.389,28.7435,500000,124999750000
dynamic_btree,16,500000,0,late_discriminator,500000,254.24,261.339,9.11318,500000,124999750000
dynamic_std_set,16,500000,0,late_discriminator,500000,204.155,228.654,32.9333,500000,124999750000
sorted_vector,16,500000,0,late_discriminator,500000,144.575,253.366,4.93306,500000,124999750000
flat_vector,16,500000,0,late_discriminator,500000,132.432,127.017,1.27677,500000,124999750000
static_btree,16,500000,0,late_discriminator,500000,193.76,187.029,13.451,500000,124999750000
static_std_set,16,500000,0,late_discriminator,500000,162.748,183.21,29.4636,500000,124999750000
dynamic_btree,17,500000,0,late_discriminator,500000,262.711,268.727,9.25977,500000,124999750000
dynamic_std_set,17,500000,0,late_discriminator,500000,207.106,232.393,32.813,500000,124999750000
sorted_vector,17,500000,0,late_discriminator,500000,151.202,256.454,4.96066,500000,124999750000
flat_vector,17,500000,0,late_discriminator,500000,132.105,122.637,1.26849,500000,124999750000
static_btree,17,500000,0,late_discriminator,500000,204.285,199.238,13.4295,500000,124999750000
static_std_set,17,500000,0,late_discriminator,500000,169.68,185.694,27.9242,500000,124999750000
dynamic_btree,18,500000,0,late_discriminator,500000,263.32,274.176,9.89799,500000,124999750000
dynamic_std_set,18,500000,0,late_discriminator,500000,215.802,229.779,33.0149,500000,124999750000
sorted_vector,18,500000,0,late_discriminator,500000,151.883,264.148,5.02104,500000,124999750000
flat_vector,18,500000,0,late_discriminator,500000,138.652,131.601,1.41649,500000,124999750000
static_btree,18,500000,0,late_discriminator,500000,211.997,203.679,14.1345,500000,124999750000
static_std_set,18,500000,0,late_discriminator,500000,177.323,198.609,28.6719,500000,124999750000
dynamic_btree,19,500000,0,late_discriminator,500000,280.001,288.397,10.6054,500000,124999750000
dynamic_std_set,19,500000,0,late_discriminator,500000,222.022,246.356,33.9838,500000,124999750000
sorted_vector,19,500000,0,late_discriminator,500000,169.497,286.547,5.32275,500000,124999750000
flat_vector,19,500000,0,late_discriminator,500000,150.162,132.136,1.59531,500000,124999750000
static_btree,19,500000,0,late_discriminator,500000,217.164,212.865,14.5605,500000,124999750000
static_std_set,19,500000,0,late_discriminator,500000,186.46,205.796,30.5764,500000,124999750000
dynamic_btree,20,500000,0,late_discriminator,500000,284.923,296.43,10.5404,500000,124999750000
dynamic_std_set,20,500000,0,late_discriminator,500000,221.639,242.001,34.5933,500000,124999750000
sorted_vector,20,500000,0,late_discriminator,500000,171.078,295.886,5.29608,500000,124999750000
flat_vector,20,500000,0,late_discriminator,500000,152.55,136.607,1.6959,500000,124999750000
static_btree,20,500000,0,late_discriminator,500000,226.134,223.848,14.7592,500000,124999750000
static_std_set,20,500000,0,late_discriminator,500000,190.19,211.01,32.2428,500000,124999750000
dynamic_btree,21,500000,0,late_discriminator,500000,301.786,320.009,11.3507,500000,124999750000
dynamic_std_set,21,500000,0,late_discriminator,500000,241.061,268.069,37.43,500000,124999750000
sorted_vector,21,500000,0,late_discriminator,500000,187.418,316.939,5.78646,500000,124999750000
flat_vector,21,500000,0,late_discriminator,500000,166.106,149.919,1.88055,500000,124999750000
static_btree,21,500000,0,late_discriminator,500000,243.527,233.732,15.9044,500000,124999750000
static_std_set,21,500000,0,late_discriminator,500000,203.24,221.029,35.0729,500000,124999750000
dynamic_btree,22,500000,0,late_discriminator,500000,313.098,328.4,11.2482,500000,124999750000
dynamic_std_set,22,500000,0,late_discriminator,500000,256.586,288.45,36.7333,500000,124999750000
sorted_vector,22,500000,0,late_discriminator,500000,199.084,325.867,6.10149,500000,124999750000
flat_vector,22,500000,0,late_discriminator,500000,186.134,151.29,1.95576,500000,124999750000
static_btree,22,500000,0,late_discriminator,500000,262.985,250.177,16.1202,500000,124999750000
static_std_set,22,500000,0,late_discriminator,500000,208.942,221.621,32.1973,500000,124999750000
dynamic_btree,32,500000,0,late_discriminator,500000,393.077,411.276,13.951,500000,124999750000
dynamic_std_set,32,500000,0,late_discriminator,500000,318.214,361.243,39.4182,500000,124999750000
sorted_vector,32,500000,0,late_discriminator,500000,266.457,475.526,8.30014,500000,124999750000
flat_vector,32,500000,0,late_discriminator,500000,269.292,205.13,2.85649,500000,124999750000
dynamic_btree,1,500000,50,early_discriminator,250000,112.247,116.884,1.3802,500000,31249875000
dynamic_std_set,1,500000,50,early_discriminator,250000,111.435,110.581,7.31955,500000,31249875000
sorted_vector,1,500000,50,early_discriminator,250000,51.1937,97.8901,0.682163,500000,31249875000
flat_vector,1,500000,50,early_discriminator,250000,42.4298,40.9433,0.025807,500000,31249875000
static_btree,1,500000,50,early_discriminator,250000,42.1985,37.5995,0.137904,500000,31249875000
static_std_set,1,500000,50,early_discriminator,250000,46.7995,80.8105,4.791,500000,31249875000
dynamic_btree,2,500000,50,early_discriminator,250000,116,122.972,1.64057,500000,150735264693
dynamic_std_set,2,500000,50,early_discriminator,250000,113.474,113.127,7.50364,500000,150735264693
sorted_vector,2,500000,50,early_discriminator,250000,51.1156,97.3977,0.80297,500000,150735264693
flat_vector,2,500000,50,early_discriminator,250000,45.236,43.8718,0.053199,500000,150735264693
static_btree,2,500000,50,early_discriminator,250000,47.6139,42.755,0.308261,500000,150735264693
static_std_set,2,500000,50,early_discriminator,250000,76.162,72.258,4.83551,500000,150735264693
dynamic_btree,3,500000,50,early_discriminator,250000,112.91,108.456,1.41944,500000,270222404368
dynamic_std_set,3,500000,50,early_discriminator,250000,106.416,104.142,6.78152,500000,270222404368
sorted_vector,3,500000,50,early_discriminator,250000,51.839,99.2,0.905391,500000,270222404368
flat_vector,3,500000,50,early_discriminator,250000,47.0754,46.3563,0.077482,500000,270222404368
static_btree,3,500000,50,early_discriminator,250000,57.6842,51.8882,0.440638,500000,270222404368
static_std_set,3,500000,50,early_discriminator,250000,88.5237,86.5601,7.59365,500000,270222404368
dynamic_btree,4,500000,50,early_discriminator,250000,118.093,121.763,1.73385,500000,389709294019
dynamic_std_set,4,500000,50,early_discriminator,250000,119.248,110.271,7.79645,500000,389709294019
sorted_vector,4,500000,50,early_discriminator,250000,51.8928,101.768,0.798175,500000,389709294019
flat_vector,4,500000,50,early_discriminator,250000,48.4491,49.1437,0.101494,500000,389709294019
static_btree,4,500000,50,early_discriminator,250000,56.7937,51.3813,0.954838,500000,389709294019
static_std_set,4,500000,50,early_discriminator,250000,80.9934,80.35,5.36501,500000,389709294019
dynamic_btree,5,500000,50,early_discriminator,250000,116.041,111.769,1.66358,500000,509196933649
dynamic_std_set,5,500000,50,early_discriminator,250000,114.645,115.407,8.10315,500000,509196933649
sorted_vector,5,500000,50,early_discriminator,250000,52.1794,104.973,0.976475,500000,509196933649
flat_vector,5,500000,50,early_discriminator,250000,50.2636,51.1246,0.131605,500000,509196933649
static_btree,5,500000,50,early_discriminator,250000,67.1423,62.6583,0.825545,500000,509196933649
static_std_set,5,500000,50,early_discriminator,250000,85.6359,81.8634,5.43014,500000,509196933649
dynamic_btree,6,500000,50,early_discriminator,250000,113.085,109.306,1.67357,500000,628684323255
dynamic_std_set,6,500000,50,early_discriminator,250000,107.286,104.849,6.59702,500000,628684323255
sorted_vector,6,500000,50,early_discriminator,250000,51.7437,101.975,0.817789,500000,628684323255
flat_vector,6,500000,50,early_discriminator,250000,50.9737,52.3363,0.153994,500000,628684323255
static_btree,6,500000,50,early_discriminator,250000,69.7666,65.8098,0.967249,500000,628684323255
static_std_set,6,500000,50,early_discriminator,250000,83.2337,80.2535,5.71629,500000,628684323255
dynamic_btree,7,500000,50,early_discriminator,250000,119.753,121.922,2.05766,500000,748172462840
dynamic_std_set,7,500000,50,early_discriminator,250000,114.082,113.963,8.30771,500000,748172462840
sorted_vector,7,500000,50,early_discriminator,250000,57.7812,102.944,1.35291,500000,748172462840
flat_vector,7,500000,50,early_discriminator,250000,52.4445,54.0669,0.177932,500000,748172462840
static_btree,7,500000,50,early_discriminator,250000,77.9078,73.1127,1.45428,500000,748172462840
static_std_set,7,500000,50,early_discriminator,250000,87.9619,86.6554,6.49108,500000,748172462840
dynamic_btree,8,500000,50,early_discriminator,250000,128.882,127.438,2.22325,500000,867661352404
dynamic_std_set,8,500000,50,early_discriminator,250000,114.549,112.416,8.02067,500000,867661352404
sorted_vector,8,500000,50,early_discriminator,250000,56.3791,103.945,1.23355,500000,867661352404
flat_vector,8,500000,50,early_discriminator,250000,54.379,56.1118,0.205919,500000,867661352404
static_btree,8,500000,50,early_discriminator,250000,74.728,73.9913,1.58279,500000,867661352404
static_std_set,8,500000,50,early_discriminator,250000,93.8424,88.7605,6.92903,500000,867661352404
dynamic_btree,9,500000,50,early_discriminator,250000,120.99,121.885,2.07415,500000,987150991947
dynamic_std_set,9,500000,50,early_discriminator,250000,118.839,122.109,9.20343,500000,987150991947
sorted_vector,9,500000,50,early_discriminator,250000,56.8253,105.403,1.34978,500000,987150991947
flat_vector,9,500000,50,early_discriminator,250000,55.5072,58.0028,0.221529,500000,987150991947
static_btree,9,500000,50,early_discriminator,250000,83.6955,83.9793,1.90172,500000,987150991947
static_std_set,9,500000,50,early_discriminator,250000,92.3903,87.6565,6.59548,500000,987150991947
dynamic_btree,10,500000,50,early_discriminator,250000,125.785,128.478,2.42476,500000,1106640381466
dynamic_std_set,10,500000,50,early_discriminator,250000,116.241,113.753,8.31907,500000,1106640381466
sorted_vector,10,500000,50,early_discriminator,250000,57.659,105.871,1.60256,500000,1106640381466
flat_vector,10,500000,50,early_discriminator,250000,57.1092,59.3603,0.255819,500000,1106640381466
static_btree,10,500000,50,early_discriminator,250000,88.2491,87.5301,2.20001,500000,1106640381466
static_std_set,10,500000,50,early_discriminator,250000,88.9314,86.5418,6.31081,500000,1106640381466
dynamic_btree,11,500000,50,early_discriminator,250000,136.34,135.709,2.74825,500000,1226130520964
dynamic_std_set,11,500000,50,early_discriminator,250000,123.293,131.103,9.76133,500000,1226130520964
sorted_vector,11,500000,50,early_discriminator,250000,63.2245,108.537,1.69933,500000,1226130520964
flat_vector,11,500000,50,early_discriminator,250000,59.0858,61.1712,0.269386,500000,1226130520964
static_btree,11,500000,50,early_discriminator,250000,94.6967,91.1683,2.35909,500000,1226130520964
static_std_set,11,500000,50,early_discriminator,250000,92.6625,90.4296,6.90028,500000,1226130520964
dynamic_btree,12,500000,50,early_discriminator,250000,127.743,133.094,2.58512,500000,1345621410441
dynamic_std_set,12,500000,50,early_discriminator,250000,121.189,119.35,11.1784,500000,1345621410441
sorted_vector,12,500000,50,early_discriminator,250000,64.015,110.711,1.92552,500000,1345621410441
flat_vector,12,500000,50,early_discriminator,250000,61.1276,62.6177,0.281225,500000,1345621410441
static_btree,12,500000,50,early_discriminator,250000,98.5239,98.286,2.93017,500000,1345621410441
static_std_set,12,500000,50,early_discriminator,250000,97.6439,95.2873,8.81622,500000,1345621410441
dynamic_btree,13,500000,50,early_discriminator,250000,130.235,139.471,2.96475,500000,1465112049894
dynamic_std_set,13,500000,50,early_discriminator,250000,121.133,121.887,9.09215,500000,1465112049894
sorted_vector,13,500000,50,early_discriminator,250000,64.4839,110.621,1.95576,500000,1465112049894
flat_vector,13,500000,50,early_discriminator,250000,65.0364,65.1977,0.425604,500000,1465112049894
static_btree,13,500000,50,early_discriminator,250000,99.1547,100.579,3.21466,500000,1465112049894
static_std_set,13,500000,50,early_discriminator,250000,104.049,99.3221,8.0637,500000,1465112049894
dynamic_btree,14,500000,50,early_discriminator,250000,131.428,137.914,2.90387,500000,1584603439326
dynamic_std_set,14,500000,50,early_discriminator,250000,126.717,129.074,9.96694,500000,1584603439326
sorted_vector,14,500000,50,early_discriminator,250000,64.6637,110.372,2.0759,500000,1584603439326
flat_vector,14,500000,50,early_discriminator,250000,65.0365,65.5638,0.355546,500000,1584603439326
static_btree,14,500000,50,early_discriminator,250000,100.64,101.257,3.28394,500000,1584603439326
static_std_set,14,500000,50,early_discriminator,250000,94.7753,94.0841,7.64354,500000,1584603439326
dynamic_btree,15,500000,50,early_discriminator,250000,138.859,147.33,3.69848,500000,1704095578737
dynamic_std_set,15,500000,50,early_discriminator,250000,132.727,134.684,14.2493,500000,1704095578737
sorted_vector,15,500000,50,early_discriminator,250000,70.1316,115.88,2.2389,500000,1704095578737
flat_vector,15,500000,50,early_discriminator,250000,67.6773,67.417,0.388924,500000,1704095578737
static_btree,15,500000,50,early_discriminator,250000,117.888,117.916,4.71737,500000,1704095578737
static_std_set,15,500000,50,early_discriminator,250000,112.107,110.429,9.59731,500000,1704095578737
dynamic_btree,16,500000,50,early_discriminator,250000,137.818,149.048,3.65091,500000,1823588468127
dynamic_std_set,16,500000,50,early_discriminator,250000,133.673,135.101,11.0251,500000,1823588468127
sorted_vector,16,500000,50,early_discriminator,250000,70.7382,124.418,2.27842,500000,1823588468127
flat_vector,16,500000,50,early_discriminator,250000,70.78,69.1875,0.401728,500000,1823588468127
static_btree,16,500000,50,early_discriminator,250000,116.7,115.58,4.54125,500000,1823588468127
static_std_set,16,500000,50,early_discriminator,250000,113.377,113.535,9.95958,500000,1823588468127
dynamic_btree,17,500000,50,early_discriminator,250000,144.387,153.692,3.53104,500000,1943081107493
dynamic_std_set,17,500000,50,early_discriminator,250000,139.485,144.171,11.1203,500000,1943081107493
sorted_vector,17,500000,50,early_discriminator,250000,71.555,120.833,2.44812,500000,1943081107493
flat_vector,17,500000,50,early_discriminator,250000,72.7923,70.996,0.469771,500000,1943081107493
static_btree,17,500000,50,early_discriminator,250000,120.4,123.667,4.89169,500000,1943081107493
static_std_set,17,500000,50,early_discriminator,250000,102.599,103.043,8.80972,500000,1943081107493
dynamic_btree,18,500000,50,early_discriminator,250000,135.545,141.815,3.5207,500000,2062574496838
dynamic_std_set,18,500000,50,early_discriminator,250000,132.008,131.038,10.7021,500000,2062574496838
sorted_vector,18,500000,50,early_discriminator,250000,70.7814,117.346,2.34867,500000,2062574496838
flat_vector,18,500000,50,early_discriminator,250000,72.5759,71.1348,0.519141,500000,2062574496838
static_btree,18,500000,50,early_discriminator,250000,122.707,120.916,4.70008,500000,2062574496838
static_std_set,18,500000,50,early_discriminator,250000,108.047,103.346,7.66095,500000,2062574496838
dynamic_btree,19,500000,50,early_discriminator,250000,147.541,149.595,4.1925,500000,2182067636159
dynamic_std_set,19,500000,50,early_discriminator,250000,140.707,142.53,12.2984,500000,2182067636159
sorted_vector,19,500000,50,early_discriminator,250000,75.316,122.474,2.8352,500000,2182067636159
flat_vector,19,500000,50,early_discriminator,250000,75.5419,73.0814,0.490471,500000,2182067636159
static_btree,19,500000,50,early_discriminator,250000,123.673,120.853,5.01661,500000,2182067636159
static_std_set,19,500000,50,early_discriminator,250000,112.711,109.502,9.04758,500000,2182067636159
dynamic_btree,20,500000,50,early_discriminator,250000,143.095,152.035,3.98182,500000,2301562525462
dynamic_std_set,20,500000,50,early_discriminator,250000,136.62,138.47,11.6437,500000,2301562525462
sorted_vector,20,500000,50,early_discriminator,250000,76.1078,124.076,2.66936,500000,2301562525462
flat_vector,20,500000,50,early_discriminator,250000,77.6624,74.1697,0.641593,500000,2301562525462
static_btree,20,500000,50,early_discriminator,250000,130.271,125.598,5.03242,500000,2301562525462
static_std_set,20,500000,50,early_discriminator,250000,109.444,113.488,10.1301,500000,2301562525462
dynamic_btree,21,500000,50,early_discriminator,250000,141.553,150.076,3.94437,500000,2421057164741
dynamic_std_set,21,500000,50,early_discriminator,250000,136.373,138.438,11.9154,500000,2421057164741
sorted_vector,21,500000,50,early_discriminator,250000,76.5839,123.499,2.74394,500000,2421057164741
flat_vector,21,500000,50,early_discriminator,250000,79.4258,75.6977,0.551746,500000,2421057164741
static_btree,21,500000,50,early_discriminator,250000,129.282,126.511,5.08991,500000,2421057164741
static_std_set,21,500000,50,early_discriminator,250000,109.505,109.291,9.61769,500000,2421057164741
dynamic_btree,22,500000,50,early_discriminator,250000,141.506,151.991,4.17207,500000,2540552553999
dynamic_std_set,22,500000,50,early_discriminator,250000,136.888,138.987,11.2874,500000,2540552553999
sorted_vector,22,500000,50,early_discriminator,250000,76.0473,125.238,2.91219,500000,2540552553999
flat_vector,22,500000,50,early_discriminator,250000,81.7129,78.1172,0.626021,500000,2540552553999
static_btree,22,500000,50,early_discriminator,250000,130.476,127.827,5.17785,500000,2540552553999
static_std_set,22,500000,50,early_discriminator,250000,109.254,113.444,8.94659,500000,2540552553999
dynamic_btree,32,500000,50,early_discriminator,250000,161.216,177.827,6.08876,500000,3735528695367
dynamic_std_set,32,500000,50,early_discriminator,250000,154.309,166.579,15.1279,500000,3735528695367
sorted_vector,32,500000,50,early_discriminator,250000,88.6295,141.058,3.96087,500000,3735528695367
flat_vector,32,500000,50,early_discriminator,250000,116.244,100.141,1.15535,500000,3735528695367
dynamic_btree,1,500000,50,late_discriminator,250000,113.503,117.643,1.50361,500000,31249875000
dynamic_std_set,1,500000,50,late_discriminator,250000,108.005,107.243,7.37032,500000,31249875000
sorted_vector,1,500000,50,late_discriminator,250000,50.8518,96.693,0.829617,500000,31249875000
flat_vector,1,500000,50,late_discriminator,250000,42.5231,40.9562,0.025596,500000,31249875000
static_btree,1,500000,50,late_discriminator,250000,42.3264,37.6881,0.138386,500000,31249875000
static_std_set,1,500000,50,late_discriminator,250000,46.5517,74.4989,4.76479,500000,31249875000
dynamic_btree,2,500000,50,late_discriminator,250000,116.761,110.684,1.27197,500000,31249875000
dynamic_std_set,2,500000,50,late_discriminator,250000,110.024,106.926,7.09482,500000,31249875000
sorted_vector,2,500000,50,late_discriminator,250000,56.1564,104.469,0.840723,500000,31249875000
flat_vector,2,500000,50,late_discriminator,250000,49.8157,45.624,0.051131,500000,31249875000
static_btree,2,500000,50,late_discriminator,250000,48.6703,45.8189,0.264229,500000,31249875000
static_std_set,2,500000,50,late_discriminator,250000,75.3542,75.1225,4.75509,500000,31249875000
dynamic_btree,3,500000,50,late_discriminator,250000,119.128,114.328,1.32406,500000,31249875000
dynamic_std_set,3,500000,50,late_discriminator,250000,112.122,110.179,6.60581,500000,31249875000
sorted_vector,3,500000,50,late_discriminator,250000,63.3355,116.333,0.684997,500000,31249875000
flat_vector,3,500000,50,late_discriminator,250000,56.2971,50.9891,0.076257,500000,31249875000
static_btree,3,500000,50,late_discriminator,250000,61.4889,55.9324,0.438016,500000,31249875000
static_std_set,3,500000,50,late_discriminator,250000,85.534,85.9554,5.24115,500000,31249875000
dynamic_btree,4,500000,50,late_discriminator,250000,125.445,131.114,2.03451,500000,31249875000
dynamic_std_set,4,500000,50,late_discriminator,250000,117.363,113.578,6.54939,500000,31249875000
sorted_vector,4,500000,50,late_discriminator,250000,68.2771,122.282,0.646704,500000,31249875000
flat_vector,4,500000,50,late_discriminator,250000,61.0736,54.3892,0.104518,500000,31249875000
static_btree,4,500000,50,late_discriminator,250000,64.0871,58.5333,0.9413,500000,31249875000
static_std_set,4,500000,50,late_discriminator,250000,89.3937,90.7364,5.8903,500000,31249875000
dynamic_btree,5,500000,50,late_discriminator,250000,128.64,121.992,1.32464,500000,31249875000
dynamic_std_set,5,500000,50,late_discriminator,250000,117.848,124.387,6.91106,500000,31249875000
sorted_vector,5,500000,50,late_discriminator,250000,73.4787,128.514,0.687094,500000,31249875000
flat_vector,5,500000,50,late_discriminator,250000,68.7408,59.8726,0.128025,500000,31249875000
static_btree,5,500000,50,late_discriminator,250000,75.8562,71.1593,0.786358,500000,31249875000
static_std_set,5,500000,50,late_discriminator,250000,91.5078,92.244,5.32151,500000,31249875000
dynamic_btree,6,500000,50,late_discriminator,250000,132.006,125.736,1.3128,500000,31249875000
dynamic_std_set,6,500000,50,late_discriminator,250000,119.064,120.968,6.82594,500000,31249875000
sorted_vector,6,500000,50,late_discriminator,250000,77.8791,132.315,0.768206,500000,31249875000
flat_vector,6,500000,50,late_discriminator,250000,71.9939,63.1468,0.163096,500000,31249875000
static_btree,6,500000,50,late_discriminator,250000,84.2379,82.5324,1.02078,500000,31249875000
static_std_set,6,500000,50,late_discriminator,250000,99.9548,101.123,5.50874,500000,31249875000
dynamic_btree,7,500000,50,late_discriminator,250000,146.918,149.486,2.09512,500000,31249875000
dynamic_std_set,7,500000,50,late_discriminator,250000,138.632,144.703,10.7784,500000,31249875000
sorted_vector,7,500000,50,late_discriminator,250000,89.997,147.766,1.25604,500000,31249875000
flat_vector,7,500000,50,late_discriminator,250000,74.9703,65.5055,0.186125,500000,31249875000
static_btree,7,500000,50,late_discriminator,250000,92.4582,88.5089,1.44037,500000,31249875000
static_std_set,7,500000,50,late_discriminator,250000,108.444,112.311,6.77167,500000,31249875000
dynamic_btree,8,500000,50,late_discriminator,250000,149.799,148.966,2.25758,500000,31249875000
dynamic_std_set,8,500000,50,late_discriminator,250000,137.625,144.598,11.3194,500000,31249875000
sorted_vector,8,500000,50,late_discriminator,250000,93.5498,155.557,1.41354,500000,31249875000
flat_vector,8,500000,50,late_discriminator,250000,82.029,70.1817,0.202793,500000,31249875000
static_btree,8,500000,50,late_discriminator,250000,97.2127,94.1511,1.74602,500000,31249875000
static_std_set,8,500000,50,late_discriminator,250000,112.625,115.561,8.51675,500000,31249875000
dynamic_btree,9,500000,50,late_discriminator,250000,153.303,154.967,1.9569,500000,31249875000
dynamic_std_set,9,500000,50,late_discriminator,250000,140.478,152.253,9.92522,500000,31249875000
sorted_vector,9,500000,50,late_discriminator,250000,99.4241,163.927,1.49098,500000,31249875000
flat_vector,9,500000,50,late_discriminator,250000,84.4957,73.7034,0.214874,500000,31249875000
static_btree,9,500000,50,late_discriminator,250000,104.063,101.167,1.91922,500000,31249875000
static_std_set,9,500000,50,late_discriminator,250000,106.448,110.227,5.80695,500000,31249875000
dynamic_btree,10,500000,50,late_discriminator,250000,154.702,152.117,1.90687,500000,31249875000
dynamic_std_set,10,500000,50,late_discriminator,250000,135.359,142.395,8.36721,500000,31249875000
sorted_vector,10,500000,50,late_discriminator,250000,101.188,159.84,1.50123,500000,31249875000
flat_vector,10,500000,50,late_discriminator,250000,90.5678,76.405,0.250889,500000,31249875000
static_btree,10,500000,50,late_discriminator,250000,108.867,104.446,2.00942,500000,31249875000
static_std_set,10,500000,50,late_discriminator,250000,108.792,113.342,5.80475,500000,31249875000
dynamic_btree,11,500000,50,late_discriminator,250000,166.263,169.851,2.42437,500000,31249875000
dynamic_std_set,11,500000,50,late_discriminator,250000,143.814,151.674,8.30758,500000,31249875000
sorted_vector,11,500000,50,late_discriminator,250000,115.176,175.222,1.68469,500000,31249875000
flat_vector,11,500000,50,late_discriminator,250000,93.7842,79.591,0.276557,500000,31249875000
static_btree,11,500000,50,late_discriminator,250000,114.778,108.916,2.08105,500000,31249875000
static_std_set,11,500000,50,late_discriminator,250000,122.106,128.623,7.6936,500000,31249875000
dynamic_btree,12,500000,50,late_discriminator,250000,175.177,172.141,3.02252,500000,31249875000
dynamic_std_set,12,500000,50,late_discriminator,250000,145.911,155.156,9.99494,500000,31249875000
sorted_vector,12,500000,50,late_discriminator,250000,120.173,186.66,1.86014,500000,31249875000
flat_vector,12,500000,50,late_discriminator,250000,101.875,85.1488,0.317692,500000,31249875000
static_btree,12,500000,50,late_discriminator,250000,123.422,120.922,2.76674,500000,31249875000
static_std_set,12,500000,50,late_discriminator,250000,122.869,135.636,7.75631,500000,31249875000
dynamic_btree,13,500000,50,late_discriminator,250000,176.834,182.173,2.62352,500000,31249875000
dynamic_std_set,13,500000,50,late_discriminator,250000,149.802,159.912,9.63933,500000,31249875000
sorted_vector,13,500000,50,late_discriminator,250000,125.37,189.356,2.10311,500000,31249875000
flat_vector,13,500000,50,late_discriminator,250000,108.134,87.5796,0.304991,500000,31249875000
static_btree,13,500000,50,late_discriminator,250000,125.659,123.977,3.26214,500000,31249875000
static_std_set,13,500000,50,late_discriminator,250000,122.738,128.026,7.32759,500000,31249875000
dynamic_btree,14,500000,50,late_discriminator,250000,180.077,184.478,2.64471,500000,31249875000
dynamic_std_set,14,500000,50,late_discriminator,250000,154.757,168.291,9.77525,500000,31249875000
sorted_vector,14,500000,50,late_discriminator,250000,129.895,199.732,1.91254,500000,31249875000
flat_vector,14,500000,50,late_discriminator,250000,113.638,90.9807,0.34551,500000,31249875000
static_btree,14,500000,50,late_discriminator,250000,132.372,136.835,3.31349,500000,31249875000
static_std_set,14,500000,50,late_discriminator,250000,125.681,144.473,7.46664,500000,31249875000
dynamic_btree,15,500000,50,late_discriminator,250000,192.466,199.192,3.03198,500000,31249875000
dynamic_std_set,15,500000,50,late_discriminator,250000,170.822,178.385,12.0497,500000,31249875000
sorted_vector,15,500000,50,late_discriminator,250000,144.192,210.48,2.37108,500000,31249875000
flat_vector,15,500000,50,late_discriminator,250000,120.524,94.1104,0.413119,500000,31249875000
static_btree,15,500000,50,late_discriminator,250000,152.934,149.679,4.30344,500000,31249875000
static_std_set,15,500000,50,late_discriminator,250000,134.148,142.547,8.64537,500000,31249875000
dynamic_btree,16,500000,50,late_discriminator,250000,203.375,206.325,3.38538,500000,31249875000
dynamic_std_set,16,500000,50,late_discriminator,250000,168.637,178.869,9.57445,500000,31249875000
sorted_vector,16,500000,50,late_discriminator,250000,148.18,217.507,2.23893,500000,31249875000
flat_vector,16,500000,50,late_discriminator,250000,129.935,96.4262,0.439897,500000,31249875000
static_btree,16,500000,50,late_discriminator,250000,147.823,148.775,4.63568,500000,31249875000
static_std_set,16,500000,50,late_discriminator,250000,143.339,149.077,9.71323,500000,31249875000
dynamic_btree,17,500000,50,late_discriminator,250000,202.894,209.235,3.09327,500000,31249875000
dynamic_std_set,17,500000,50,late_discriminator,250000,175.65,184.802,10.3904,500000,31249875000
sorted_vector,17,500000,50,late_discriminator,250000,155.042,227.304,2.41116,500000,31249875000
flat_vector,17,500000,50,late_discriminator,250000,140.974,99.508,0.474672,500000,31249875000
static_btree,17,500000,50,late_discriminator,250000,164.303,163.263,4.38863,500000,31249875000
static_std_set,17,500000,50,late_discriminator,250000,151.953,163.633,8.93884,500000,31249875000
dynamic_btree,18,500000,50,late_discriminator,250000,209.985,214.909,3.3587,500000,31249875000
dynamic_std_set,18,500000,50,late_discriminator,250000,179.467,192.093,11.5857,500000,31249875000
sorted_vector,18,500000,50,late_discriminator,250000,160.08,241.101,2.45225,500000,31249875000
flat_vector,18,500000,50,late_discriminator,250000,148.782,102.906,0.587672,500000,31249875000
static_btree,18,500000,50,late_discriminator,250000,177.032,173.846,5.09798,500000,31249875000
static_std_set,18,500000,50,late_discriminator,250000,153.536,160.239,10.3437,500000,31249875000
dynamic_btree,19,500000,50,late_discriminator,250000,223.058,232.178,4.31357,500000,31249875000
dynamic_std_set,19,500000,50,late_discriminator,250000,195.218,206.532,14.9684,500000,31249875000
sorted_vector,19,500000,50,late_discriminator,250000,175.688,256.739,2.88158,500000,31249875000
flat_vector,19,500000,50,late_discriminator,250000,157.202,104.543,0.491863,500000,31249875000
static_btree,19,500000,50,late_discriminator,250000,170.33,169.232,5.16214,500000,31249875000
static_std_set,19,500000,50,late_discriminator,250000,155.318,164.878,9.64348,500000,31249875000
dynamic_btree,20,500000,50,late_discriminator,250000,218.244,234.554,4.17017,500000,31249875000
dynamic_std_set,20,500000,50,late_discriminator,250000,192.214,203.445,12.1679,500000,31249875000
sorted_vector,20,500000,50,late_discriminator,250000,176.291,252.889,2.85686,500000,31249875000
flat_vector,20,500000,50,late_discriminator,250000,161.793,107.169,0.542314,500000,31249875000
static_btree,20,500000,50,late_discriminator,250000,186.484,182.604,5.19368,500000,31249875000
static_std_set,20,500000,50,late_discriminator,250000,158.016,168.921,10.2247,500000,31249875000
dynamic_btree,21,500000,50,late_discriminator,250000,227.806,237.842,4.13492,500000,31249875000
dynamic_std_set,21,500000,50,late_discriminator,250000,193.386,205.931,11.4263,500000,31249875000
sorted_vector,21,500000,50,late_discriminator,250000,187.052,261.512,2.86099,500000,31249875000
flat_vector,21,500000,50,late_discriminator,250000,175.981,115.871,0.686506,500000,31249875000
static_btree,21,500000,50,late_discriminator,250000,180.641,181.274,5.12411,500000,31249875000
static_std_set,21,500000,50,late_discriminator,250000,159.459,170.583,8.94077,500000,31249875000
dynamic_btree,22,500000,50,late_discriminator,250000,229.275,247.561,4.71338,500000,31249875000
dynamic_std_set,22,500000,50,late_discriminator,250000,207.487,221.81,11.4632,500000,31249875000
sorted_vector,22,500000,50,late_discriminator,250000,192.499,264.618,2.8409,500000,31249875000
flat_vector,22,500000,50,late_discriminator,250000,178.854,113.184,0.716782,500000,31249875000
static_btree,22,500000,50,late_discriminator,250000,191.131,189.199,5.57463,500000,31249875000
static_std_set,22,500000,50,late_discriminator,250000,160.992,172.922,9.07127,500000,31249875000
dynamic_btree,32,500000,50,late_discriminator,250000,297.083,317.897,6.15224,500000,31249875000
dynamic_std_set,32,500000,50,late_discriminator,250000,270.539,300.105,14.804,500000,31249875000
sorted_vector,32,500000,50,late_discriminator,250000,269.954,407.542,3.92803,500000,31249875000
flat_vector,32,500000,50,late_discriminator,250000,264.837,154.33,1.28062,500000,31249875000
dynamic_btree,1,500000,90,early_discriminator,50000,70.0491,67.505,0.185153,500000,1249975000
dynamic_std_set,1,500000,90,early_discriminator,50000,65.7911,63.4922,0.831931,500000,1249975000
sorted_vector,1,500000,90,early_discriminator,50000,58.9225,67.9665,0.086921,500000,1249975000
flat_vector,1,500000,90,early_discriminator,50000,41.477,33.895,0.005591,500000,1249975000
static_btree,1,500000,90,early_discriminator,50000,32.4333,30.008,0.026142,500000,1249975000
static_std_set,1,500000,90,early_discriminator,50000,25.2211,43.478,0.537053,500000,1249975000
dynamic_btree,2,500000,90,early_discriminator,50000,70.9326,67.3079,0.196782,500000,22501100000
dynamic_std_set,2,500000,90,early_discriminator,50000,66.4547,64.0562,0.784699,500000,22501100000
sorted_vector,2,500000,90,early_discriminator,50000,54.8004,68.2809,0.100797,500000,22501100000
flat_vector,2,500000,90,early_discriminator,50000,44.2576,35.5537,0.010538,500000,22501100000
static_btree,2,500000,90,early_discriminator,50000,34.8681,32.5017,0.04283,500000,22501100000
static_std_set,2,500000,90,early_discriminator,50000,47.0649,44.2262,0.522511,500000,22501100000
dynamic_btree,3,500000,90,early_discriminator,50000,71.2832,68.0311,0.183361,500000,43753775000
dynamic_std_set,3,500000,90,early_discriminator,50000,67.4044,64.4163,0.815123,500000,43753775000
sorted_vector,3,500000,90,early_discriminator,50000,55.8603,70.861,0.10496,500000,43753775000
flat_vector,3,500000,90,early_discriminator,50000,46.6153,37.2582,0.017217,500000,43753775000
static_btree,3,500000,90,early_discriminator,50000,42.323,39.5929,0.060864,500000,43753775000
static_std_set,3,500000,90,early_discriminator,50000,51.1515,48.6711,0.695454,500000,43753775000
dynamic_btree,4,500000,90,early_discriminator,50000,71.9595,67.9067,0.218893,500000,65008000000
dynamic_std_set,4,500000,90,early_discriminator,50000,67.5931,65.315,0.833146,500000,65008000000
sorted_vector,4,500000,90,early_discriminator,50000,55.7674,71.0811,0.104417,500000,65008000000
flat_vector,4,500000,90,early_discriminator,50000,48.6669,38.5767,0.021347,500000,65008000000
static_btree,4,500000,90,early_discriminator,50000,40.3457,36.4712,0.211797,500000,65008000000
static_std_set,4,500000,90,early_discriminator,50000,51.4521,49.439,0.709973,500000,65008000000
dynamic_btree,5,500000,90,early_discriminator,50000,71.8019,68.4952,0.214904,500000,86263775000
dynamic_std_set,5,500000,90,early_discriminator,50000,68.1306,65.0853,0.804489,500000,86263775000
sorted_vector,5,500000,90,early_discriminator,50000,56.2643,72.3196,0.139661,500000,86263775000
flat_vector,5,500000,90,early_discriminator,50000,51.1036,39.4505,0.025693,500000,86263775000
static_btree,5,500000,90,early_discriminator,50000,46.5348,43.2294,0.099667,500000,86263775000
static_std_set,5,500000,90,early_discriminator,50000,51.5819,50.1997,0.68918,500000,86263775000
dynamic_btree,6,500000,90,early_discriminator,50000,71.8177,68.4251,0.220266,500000,107521100000
dynamic_std_set,6,500000,90,early_discriminator,50000,68.5657,65.2821,0.818002,500000,107521100000
sorted_vector,6,500000,90,early_discriminator,50000,56.2652,72.5968,0.150741,500000,107521100000
flat_vector,6,500000,90,early_discriminator,50000,51.9936,40.2473,0.03093,500000,107521100000
static_btree,6,500000,90,early_discriminator,50000,48.7753,46.7248,0.134779,500000,107521100000
static_std_set,6,500000,90,early_discriminator,50000,53.4704,49.54,0.705295,500000,107521100000
dynamic_btree,7,500000,90,early_discriminator,50000,74.7856,71.3432,0.242897,500000,128779975000
dynamic_std_set,7,500000,90,early_discriminator,50000,70.2499,67.0884,0.822349,500000,128779975000
sorted_vector,7,500000,90,early_discriminator,50000,62.2582,74.9951,0.165167,500000,128779975000
flat_vector,7,500000,90,early_discriminator,50000,53.6072,41.2145,0.036522,500000,128779975000
static_btree,7,500000,90,early_discriminator,50000,53.6264,50.29,0.177376,500000,128779975000
static_std_set,7,500000,90,early_discriminator,50000,55.4646,53.2052,0.786851,500000,128779975000
dynamic_btree,8,500000,90,early_discriminator,50000,74.8895,70.99,0.245783,500000,150040400000
dynamic_std_set,8,500000,90,early_discriminator,50000,70.8467,68.4807,0.883359,500000,150040400000
sorted_vector,8,500000,90,early_discriminator,50000,62.3193,75.9692,0.164051,500000,150040400000
flat_vector,8,500000,90,early_discriminator,50000,55.593,41.5502,0.04215,500000,150040400000
static_btree,8,500000,90,early_discriminator,50000,50.5684,46.3642,0.194231,500000,150040400000
static_std_set,8,500000,90,early_discriminator,50000,56.8982,53.7471,0.78497,500000,150040400000
dynamic_btree,9,500000,90,early_discriminator,50000,75.1407,71.4581,0.257503,500000,171302375000
dynamic_std_set,9,500000,90,early_discriminator,50000,71.3343,69.2251,0.847679,500000,171302375000
sorted_vector,9,500000,90,early_discriminator,50000,63.5725,76.741,0.229617,500000,171302375000
flat_vector,9,500000,90,early_discriminator,50000,58.154,42.6046,0.050824,500000,171302375000
static_btree,9,500000,90,early_discriminator,50000,56.4866,52.4631,0.233957,500000,171302375000
static_std_set,9,500000,90,early_discriminator,50000,57.1159,54.3822,0.793127,500000,171302375000
dynamic_btree,10,500000,90,early_discriminator,50000,75.3647,72.0679,0.268362,500000,192565900000
dynamic_std_set,10,500000,90,early_discriminator,50000,71.5022,69.2135,0.858194,500000,192565900000
sorted_vector,10,500000,90,early_discriminator,50000,65.5278,76.8791,0.226597,500000,192565900000
flat_vector,10,500000,90,early_discriminator,50000,61.2967,43.4582,0.051725,500000,192565900000
static_btree,10,500000,90,early_discriminator,50000,57.9158,55.3691,0.268717,500000,192565900000
static_std_set,10,500000,90,early_discriminator,50000,57.72,54.2297,0.785218,500000,192565900000
dynamic_btree,11,500000,90,early_discriminator,50000,78.2387,74.7993,0.262959,500000,213830975000
dynamic_std_set,11,500000,90,early_discriminator,50000,74.209,71.8297,0.939042,500000,213830975000
sorted_vector,11,500000,90,early_discriminator,50000,72.8762,78.7609,0.235899,500000,213830975000
flat_vector,11,500000,90,early_discriminator,50000,63.3726,44.3064,0.058193,500000,213830975000
static_btree,11,500000,90,early_discriminator,50000,60.6412,56.1744,0.282087,500000,213830975000
static_std_set,11,500000,90,early_discriminator,50000,59.14,56.1898,0.821555,500000,213830975000
dynamic_btree,12,500000,90,early_discriminator,50000,78.4155,74.4323,0.27835,500000,235097600000
dynamic_std_set,12,500000,90,early_discriminator,50000,74.5426,72.1379,0.906222,500000,235097600000
sorted_vector,12,500000,90,early_discriminator,50000,84.0052,79.2085,0.326488,500000,235097600000
flat_vector,12,500000,90,early_discriminator,50000,64.8099,45.4568,0.062018,500000,235097600000
static_btree,12,500000,90,early_discriminator,50000,61.0978,58.9082,0.319833,500000,235097600000
static_std_set,12,500000,90,early_discriminator,50000,59.9918,56.2712,0.83298,500000,235097600000
dynamic_btree,13,500000,90,early_discriminator,50000,78.9035,74.9214,0.303406,500000,256365775000
dynamic_std_set,13,500000,90,early_discriminator,50000,74.9429,71.9008,0.876917,500000,256365775000
sorted_vector,13,500000,90,early_discriminator,50000,76.7964,80.8639,0.331754,500000,256365775000
flat_vector,13,500000,90,early_discriminator,50000,69.6426,46.6619,0.068245,500000,256365775000
static_btree,13,500000,90,early_discriminator,50000,62.4631,61.6621,0.333498,500000,256365775000
static_std_set,13,500000,90,early_discriminator,50000,60.7609,56.6891,0.854564,500000,256365775000
dynamic_btree,14,500000,90,early_discriminator,50000,78.6932,74.9651,0.299343,500000,277635500000
dynamic_std_set,14,500000,90,early_discriminator,50000,75.0819,72.1569,0.896495,500000,277635500000
sorted_vector,14,500000,90,early_discriminator,50000,75.3361,80.6978,0.334195,500000,277635500000
flat_vector,14,500000,90,early_discriminator,50000,71.176,47.8665,0.072903,500000,277635500000
static_btree,14,500000,90,early_discriminator,50000,64.4849,61.1671,0.344264,500000,277635500000
static_std_set,14,500000,90,early_discriminator,50000,60.8125,57.8326,0.840266,500000,277635500000
dynamic_btree,15,500000,90,early_discriminator,50000,79.9562,75.8262,0.300902,500000,298906775000
dynamic_std_set,15,500000,90,early_discriminator,50000,77.8921,74.0134,0.920971,500000,298906775000
sorted_vector,15,500000,90,early_discriminator,50000,81.2093,82.025,0.292743,500000,298906775000
flat_vector,15,500000,90,early_discriminator,50000,74.4557,48.2775,0.077213,500000,298906775000
static_btree,15,500000,90,early_discriminator,50000,67.8221,66.9828,0.409148,500000,298906775000
static_std_set,15,500000,90,early_discriminator,50000,62.7312,59.3094,0.877854,500000,298906775000
dynamic_btree,16,500000,90,early_discriminator,50000,80.2227,76.793,0.311598,500000,320179600000
dynamic_std_set,16,500000,90,early_discriminator,50000,78.7051,74.6556,0.939347,500000,320179600000
sorted_vector,16,500000,90,early_discriminator,50000,80.0616,83.0178,0.344878,500000,320179600000
flat_vector,16,500000,90,early_discriminator,50000,75.8302,48.5972,0.081685,500000,320179600000
static_btree,16,500000,90,early_discriminator,50000,62.4876,61.3014,0.458851,500000,320179600000
static_std_set,16,500000,90,early_discriminator,50000,62.2616,59.5293,0.884572,500000,320179600000
dynamic_btree,17,500000,90,early_discriminator,50000,81.0834,76.9557,0.344051,500000,341453975000
dynamic_std_set,17,500000,90,early_discriminator,50000,78.9866,75.0636,0.925107,500000,341453975000
sorted_vector,17,500000,90,early_discriminator,50000,80.5891,83.6855,0.324781,500000,341453975000
flat_vector,17,500000,90,early_discriminator,50000,78.5507,49.4635,0.087027,500000,341453975000
static_btree,17,500000,90,early_discriminator,50000,70.8735,69.5651,0.458133,500000,341453975000
static_std_set,17,500000,90,early_discriminator,50000,64.0667,60.3479,0.828202,500000,341453975000
dynamic_btree,18,500000,90,early_discriminator,50000,80.7693,77.4192,0.334246,500000,362729900000
dynamic_std_set,18,500000,90,early_discriminator,50000,79.2065,74.98,0.920812,500000,362729900000
sorted_vector,18,500000,90,early_discriminator,50000,81.0714,84.066,0.361183,500000,362729900000
flat_vector,18,500000,90,early_discriminator,50000,80.5736,50.4566,0.093651,500000,362729900000
static_btree,18,500000,90,early_discriminator,50000,72.7877,69.8361,0.481178,500000,362729900000
static_std_set,18,500000,90,early_discriminator,50000,67.9676,64.3483,0.823739,500000,362729900000
dynamic_btree,19,500000,90,early_discriminator,50000,83.1833,80.7089,0.346468,500000,384007375000
dynamic_std_set,19,500000,90,early_discriminator,50000,82.1012,78.2301,0.962407,500000,384007375000
sorted_vector,19,500000,90,early_discriminator,50000,89.2943,87.0189,0.337837,500000,384007375000
flat_vector,19,500000,90,early_discriminator,50000,83.064,51.4494,0.100421,500000,384007375000
static_btree,19,500000,90,early_discriminator,50000,71.9685,69.0334,0.465712,500000,384007375000
static_std_set,19,500000,90,early_discriminator,50000,69.6475,66.359,0.857098,500000,384007375000
dynamic_btree,20,500000,90,early_discriminator,50000,82.8004,80.2742,0.357754,500000,405286400000
dynamic_std_set,20,500000,90,early_discriminator,50000,80.6816,76.9729,0.965573,500000,405286400000
sorted_vector,20,500000,90,early_discriminator,50000,90.207,87.4057,0.381125,500000,405286400000
flat_vector,20,500000,90,early_discriminator,50000,86.175,52.3983,0.10551,500000,405286400000
static_btree,20,500000,90,early_discriminator,50000,72.3758,70.8325,0.485723,500000,405286400000
static_std_set,20,500000,90,early_discriminator,50000,69.8014,68.831,0.83886,500000,405286400000
dynamic_btree,21,500000,90,early_discriminator,50000,82.7514,79.6822,0.35105,500000,426566975000
dynamic_std_set,21,500000,90,early_discriminator,50000,81.7238,77.6237,0.96931,500000,426566975000
sorted_vector,21,500000,90,early_discriminator,50000,91.3722,88.1399,0.434314,500000,426566975000
flat_vector,21,500000,90,early_discriminator,50000,89.0679,53.8618,0.110152,500000,426566975000
static_btree,21,500000,90,early_discriminator,50000,74.4025,71.0676,0.486872,500000,426566975000
static_std_set,21,500000,90,early_discriminator,50000,70.2159,66.7288,0.854455,500000,426566975000
dynamic_btree,22,500000,90,early_discriminator,50000,83.5694,80.8164,0.375964,500000,447849100000
dynamic_std_set,22,500000,90,early_discriminator,50000,81.9175,78.0152,0.986136,500000,447849100000
sorted_vector,22,500000,90,early_discriminator,50000,89.9623,88.0067,0.394319,500000,447849100000
flat_vector,22,500000,90,early_discriminator,50000,93.6696,53.921,0.112443,500000,447849100000
static_btree,22,500000,90,early_discriminator,50000,74.587,71.4312,0.494068,500000,447849100000
static_std_set,22,500000,90,early_discriminator,50000,71.1041,68.1394,0.862909,500000,447849100000
dynamic_btree,32,500000,90,early_discriminator,50000,89.8395,87.9467,0.484445,500000,660755600000
dynamic_std_set,32,500000,90,early_discriminator,50000,87.3975,84.1099,1.07425,500000,660755600000
sorted_vector,32,500000,90,early_discriminator,50000,105.175,100.3,0.528842,500000,660755600000
flat_vector,32,500000,90,early_discriminator,50000,139.372,61.7989,0.170894,500000,660755600000
dynamic_btree,1,500000,90,late_discriminator,50000,69.8967,67.4093,0.196943,500000,1249975000
dynamic_std_set,1,500000,90,late_discriminator,50000,66.0533,63.9764,0.827517,500000,1249975000
sorted_vector,1,500000,90,late_discriminator,50000,53.6516,67.1411,0.083259,500000,1249975000
flat_vector,1,500000,90,late_discriminator,50000,41.3057,33.895,0.005557,500000,1249975000
static_btree,1,500000,90,late_discriminator,50000,32.3993,30.015,0.026426,500000,1249975000
static_std_set,1,500000,90,late_discriminator,50000,25.6247,44.0597,0.554809,500000,1249975000
dynamic_btree,2,500000,90,late_discriminator,50000,73.2181,70.1893,0.193562,500000,1249975000
dynamic_std_set,2,500000,90,late_discriminator,50000,68.1359,66.0521,0.828215,500000,1249975000
sorted_vector,2,500000,90,late_discriminator,50000,59.1178,73.4565,0.094877,500000,1249975000
flat_vector,2,500000,90,late_discriminator,50000,48.4528,36.7004,0.010566,500000,1249975000
static_btree,2,500000,90,late_discriminator,50000,36.5704,35.2757,0.043719,500000,1249975000
static_std_set,2,500000,90,late_discriminator,50000,47.113,45.2552,0.573971,500000,1249975000
dynamic_btree,3,500000,90,late_discriminator,50000,76.391,73.1594,0.186107,500000,1249975000
dynamic_std_set,3,500000,90,late_discriminator,50000,70.727,68.2894,0.809355,500000,1249975000
sorted_vector,3,500000,90,late_discriminator,50000,65.0201,81.4047,0.111097,500000,1249975000
flat_vector,3,500000,90,late_discriminator,50000,55.0729,40.1328,0.015586,500000,1249975000
static_btree,3,500000,90,late_discriminator,50000,45.88,42.8442,0.05898,500000,1249975000
static_std_set,3,500000,90,late_discriminator,50000,52.5206,50.4174,0.686763,500000,1249975000
dynamic_btree,4,500000,90,late_discriminator,50000,79.435,76.4102,0.211847,500000,1249975000
dynamic_std_set,4,500000,90,late_discriminator,50000,72.0587,70.6482,0.805581,500000,1249975000
sorted_vector,4,500000,90,late_discriminator,50000,70.0028,86.7052,0.102168,500000,1249975000
flat_vector,4,500000,90,late_discriminator,50000,60.0815,42.4671,0.020787,500000,1249975000
static_btree,4,500000,90,late_discriminator,50000,46.4128,42.9153,0.213638,500000,1249975000
static_std_set,4,500000,90,late_discriminator,50000,56.2438,53.7495,0.699207,500000,1249975000
dynamic_btree,5,500000,90,late_discriminator,50000,83.4309,80.1127,0.219396,500000,1249975000
dynamic_std_set,5,500000,90,late_discriminator,50000,75.2492,74.3035,0.788985,500000,1249975000
sorted_vector,5,500000,90,late_discriminator,50000,75.5428,92.1559,0.208075,500000,1249975000
flat_vector,5,500000,90,late_discriminator,50000,66.8634,45.5204,0.025748,500000,1249975000
static_btree,5,500000,90,late_discriminator,50000,54.3861,51.7519,0.102479,500000,1249975000
static_std_set,5,500000,90,late_discriminator,50000,58.5957,55.9925,0.697868,500000,1249975000
dynamic_btree,6,500000,90,late_discriminator,50000,86.1054,81.8519,0.225027,500000,1249975000
dynamic_std_set,6,500000,90,late_discriminator,50000,75.0783,75.1027,0.780344,500000,1249975000
sorted_vector,6,500000,90,late_discriminator,50000,80.6203,96.5027,0.137347,500000,1249975000
flat_vector,6,500000,90,late_discriminator,50000,70.0099,47.9015,0.030752,500000,1249975000
static_btree,6,500000,90,late_discriminator,50000,59.6596,59.3866,0.124147,500000,1249975000
static_std_set,6,500000,90,late_discriminator,50000,60.7404,57.2604,0.671872,500000,1249975000
dynamic_btree,7,500000,90,late_discriminator,50000,91.2153,87.1851,0.25013,500000,1249975000
dynamic_std_set,7,500000,90,late_discriminator,50000,80.0005,80.3298,0.850719,500000,1249975000
sorted_vector,7,500000,90,late_discriminator,50000,92.7959,104.5,0.169897,500000,1249975000
flat_vector,7,500000,90,late_discriminator,50000,73.0433,51.9682,0.035825,500000,1249975000
static_btree,7,500000,90,late_discriminator,50000,65.0021,63.066,0.202212,500000,1249975000
static_std_set,7,500000,90,late_discriminator,50000,66.3407,63.0959,0.747755,500000,1249975000
dynamic_btree,8,500000,90,late_discriminator,50000,95.5851,90.9894,0.238474,500000,1249975000
dynamic_std_set,8,500000,90,late_discriminator,50000,82.2654,83.5096,0.885275,500000,1249975000
sorted_vector,8,500000,90,late_discriminator,50000,96.6041,108.305,0.165134,500000,1249975000
flat_vector,8,500000,90,late_discriminator,50000,79.1265,52.3521,0.04076,500000,1249975000
static_btree,8,500000,90,late_discriminator,50000,64.9274,61.966,0.205953,500000,1249975000
static_std_set,8,500000,90,late_discriminator,50000,67.6225,65.0172,0.777112,500000,1249975000
dynamic_btree,9,500000,90,late_discriminator,50000,97.8799,94.3146,0.254099,500000,1249975000
dynamic_std_set,9,500000,90,late_discriminator,50000,85.7697,86.2393,0.827465,500000,1249975000
sorted_vector,9,500000,90,late_discriminator,50000,100.86,112.697,0.237198,500000,1249975000
flat_vector,9,500000,90,late_discriminator,50000,83.4887,54.5163,0.045855,500000,1249975000
static_btree,9,500000,90,late_discriminator,50000,71.7269,69.5799,0.241409,500000,1249975000
static_std_set,9,500000,90,late_discriminator,50000,69.778,66.9124,0.755553,500000,1249975000
dynamic_btree,10,500000,90,late_discriminator,50000,101.815,97.7981,0.273916,500000,1249975000
dynamic_std_set,10,500000,90,late_discriminator,50000,87.2447,88.0881,0.828766,500000,1249975000
sorted_vector,10,500000,90,late_discriminator,50000,104.888,115.582,0.179895,500000,1249975000
flat_vector,10,500000,90,late_discriminator,50000,88.0374,56.1405,0.051337,500000,1249975000
static_btree,10,500000,90,late_discriminator,50000,75.8535,73.7461,0.254861,500000,1249975000
static_std_set,10,500000,90,late_discriminator,50000,71.4986,69.9805,0.75554,500000,1249975000
dynamic_btree,11,500000,90,late_discriminator,50000,107.915,102.41,0.28403,500000,1249975000
dynamic_std_set,11,500000,90,late_discriminator,50000,91.4581,92.1634,0.854857,500000,1249975000
sorted_vector,11,500000,90,late_discriminator,50000,120.437,124.443,0.309899,500000,1249975000
flat_vector,11,500000,90,late_discriminator,50000,93.0562,58.2244,0.057576,500000,1249975000
static_btree,11,500000,90,late_discriminator,50000,79.3149,76.4989,0.275117,500000,1249975000
static_std_set,11,500000,90,late_discriminator,50000,74.2331,73.7035,0.814941,500000,1249975000
dynamic_btree,12,500000,90,late_discriminator,50000,111.211,105.964,0.293875,500000,1249975000
dynamic_std_set,12,500000,90,late_discriminator,50000,92.596,92.8774,0.880201,500000,1249975000
sorted_vector,12,500000,90,late_discriminator,50000,125.19,129.65,0.259048,500000,1249975000
flat_vector,12,500000,90,late_discriminator,50000,100.653,61.6642,0.062013,500000,1249975000
static_btree,12,500000,90,late_discriminator,50000,83.3153,82.5622,0.325634,500000,1249975000
static_std_set,12,500000,90,late_discriminator,50000,76.8548,73.6145,0.844559,500000,1249975000
dynamic_btree,13,500000,90,late_discriminator,50000,114.911,108.034,0.294313,500000,1249975000
dynamic_std_set,13,500000,90,late_discriminator,50000,96.2215,95.878,0.891432,500000,1249975000
sorted_vector,13,500000,90,late_discriminator,50000,128.754,133.979,0.325847,500000,1249975000
flat_vector,13,500000,90,late_discriminator,50000,109.299,64.4703,0.076561,500000,1249975000
static_btree,13,500000,90,late_discriminator,50000,87.1057,84.8426,0.350625,500000,1249975000
static_std_set,13,500000,90,late_discriminator,50000,79.0686,76.2544,0.825028,500000,1249975000
dynamic_btree,14,500000,90,late_discriminator,50000,118.746,111.485,0.296548,500000,1249975000
dynamic_std_set,14,500000,90,late_discriminator,50000,99.7242,99.9592,0.845706,500000,1249975000
sorted_vector,14,500000,90,late_discriminator,50000,133.858,139.642,0.346052,500000,1249975000
flat_vector,14,500000,90,late_discriminator,50000,114.793,67.7557,0.07472,500000,1249975000
static_btree,14,500000,90,late_discriminator,50000,88.2587,86.3398,0.354461,500000,1249975000
static_std_set,14,500000,90,late_discriminator,50000,79.6009,79.6533,0.807879,500000,1249975000
dynamic_btree,15,500000,90,late_discriminator,50000,124.295,115.63,0.306517,500000,1249975000
dynamic_std_set,15,500000,90,late_discriminator,50000,107.002,106.8,0.891062,500000,1249975000
sorted_vector,15,500000,90,late_discriminator,50000,150.734,147.194,0.364356,500000,1249975000
flat_vector,15,500000,90,late_discriminator,50000,118.643,69.8807,0.076829,500000,1249975000
static_btree,15,500000,90,late_discriminator,50000,94.8672,93.4444,0.448402,500000,1249975000
static_std_set,15,500000,90,late_discriminator,50000,84.382,81.176,0.831348,500000,1249975000
dynamic_btree,16,500000,90,late_discriminator,50000,125.27,118.721,0.320926,500000,1249975000
dynamic_std_set,16,500000,90,late_discriminator,50000,107.576,106.439,0.866451,500000,1249975000
sorted_vector,16,500000,90,late_discriminator,50000,154.648,151.428,0.340643,500000,1249975000
flat_vector,16,500000,90,late_discriminator,50000,126.468,71.2345,0.082284,500000,1249975000
static_btree,16,500000,90,late_discriminator,50000,93.3671,89.7622,0.407249,500000,1249975000
static_std_set,16,500000,90,late_discriminator,50000,85.2323,84.4876,0.83318,500000,1249975000
dynamic_btree,17,500000,90,late_discriminator,50000,128.068,122.37,0.317678,500000,1249975000
dynamic_std_set,17,500000,90,late_discriminator,50000,108.907,109.429,0.915703,500000,1249975000
sorted_vector,17,500000,90,late_discriminator,50000,159.245,158.015,0.379281,500000,1249975000
flat_vector,17,500000,90,late_discriminator,50000,134.387,73.7466,0.092855,500000,1249975000
static_btree,17,500000,90,late_discriminator,50000,102.135,98.7758,0.444979,500000,1249975000
static_std_set,17,500000,90,late_discriminator,50000,91.2039,85.4105,0.805781,500000,1249975000
dynamic_btree,18,500000,90,late_discriminator,50000,130.531,124.942,0.338147,500000,1249975000
dynamic_std_set,18,500000,90,late_discriminator,50000,112.111,110.828,0.90876,500000,1249975000
sorted_vector,18,500000,90,late_discriminator,50000,162.434,162.795,0.363345,500000,1249975000
flat_vector,18,500000,90,late_discriminator,50000,138.771,74.8246,0.097546,500000,1249975000
static_btree,18,500000,90,late_discriminator,50000,104.507,102.216,0.46201,500000,1249975000
static_std_set,18,500000,90,late_discriminator,50000,100.929,99.3011,0.822207,500000,1249975000
dynamic_btree,19,500000,90,late_discriminator,50000,134.312,130.898,0.347126,500000,1249975000
dynamic_std_set,19,500000,90,late_discriminator,50000,115.308,115.008,0.950371,500000,1249975000
sorted_vector,19,500000,90,late_discriminator,50000,175.669,169.197,0.393599,500000,1249975000
flat_vector,19,500000,90,late_discriminator,50000,145.452,76.3019,0.097244,500000,1249975000
static_btree,19,500000,90,late_discriminator,50000,106.283,103.915,0.463916,500000,1249975000
static_std_set,19,500000,90,late_discriminator,50000,105.504,103.44,0.862496,500000,1249975000
dynamic_btree,20,500000,90,late_discriminator,50000,136.317,133.909,0.35728,500000,1249975000
dynamic_std_set,20,500000,90,late_discriminator,50000,115.975,117.255,0.95191,500000,1249975000
sorted_vector,20,500000,90,late_discriminator,50000,180.896,172.709,0.40871,500000,1249975000
flat_vector,20,500000,90,late_discriminator,50000,151.895,78.2139,0.102578,500000,1249975000
static_btree,20,500000,90,late_discriminator,50000,109.983,107.751,0.475425,500000,1249975000
static_std_set,20,500000,90,late_discriminator,50000,108.048,107.482,0.844982,500000,1249975000
dynamic_btree,21,500000,90,late_discriminator,50000,139.305,138.936,0.36614,500000,1249975000
dynamic_std_set,21,500000,90,late_discriminator,50000,120.733,120.38,0.921955,500000,1249975000
sorted_vector,21,500000,90,late_discriminator,50000,190.276,181.496,0.449322,500000,1249975000
flat_vector,21,500000,90,late_discriminator,50000,160.134,81.9527,0.107432,500000,1249975000
static_btree,21,500000,90,late_discriminator,50000,112.256,110.831,0.46849,500000,1249975000
static_std_set,21,500000,90,late_discriminator,50000,110.273,108.694,0.831031,500000,1249975000
dynamic_btree,22,500000,90,late_discriminator,50000,143.2,143.858,0.374513,500000,1249975000
dynamic_std_set,22,500000,90,late_discriminator,50000,127.53,127.564,0.947654,500000,1249975000
sorted_vector,22,500000,90,late_discriminator,50000,196.786,184.165,0.491634,500000,1249975000
flat_vector,22,500000,90,late_discriminator,50000,177.158,82.8308,0.115125,500000,1249975000
static_btree,22,500000,90,late_discriminator,50000,118.535,114.817,0.486479,500000,1249975000
static_std_set,22,500000,90,late_discriminator,50000,111.659,110.497,0.856552,500000,1249975000
dynamic_btree,32,500000,90,late_discriminator,50000,180.145,179.55,0.483513,500000,1249975000
dynamic_std_set,32,500000,90,late_discriminator,50000,159.181,160.921,1.08648,500000,1249975000
sorted_vector,32,500000,90,late_discriminator,50000,268.429,280.848,0.681145,500000,1249975000
flat_vector,32,500000,90,late_discriminator,50000,260.1,104.577,0.171442,500000,1249975000
